Threshold_percentage,MAB_South_Above_thld,MAB_North_Above_thld,Georges_Bank_Above_thld,GOM_West_Above_thld,GOM_East_Above_thld
5%,38.16801324,45.39614561,34.93624063,37.14841849,39.41016157
10%,32.54161394,40.87989099,29.30010708,33.03163017,35.00097333
15%,26.32142509,35.64337162,25.12411175,29.10948905,30.55285186
20%,21.72685681,30.23165272,21.27908109,25.8783455,26.30912984
25%,17.1809598,24.77126728,17.68714105,23.30900243,22.4255402
30%,13.39433466,19.95328012,14.70845907,20.78832117,19.62234767
,,,,,
,,,,,
,,,,,
,,,,,
,,,,,
,,,,,
,,,,,
