Bloom ID,Year,Biological Year,Bloom_classification,Start_date,Peak_date,End_date,Start_DOY,End_DOY,Peak_DOY,Total_duration,Number_of_peaks,First_exceed_date,last_drop_date,First_exceed_DOY,last_drop_DOY,Duration_above_threshold,Days_between_initiations,Days_between_terminations,Bloom_Integrated_Chlorophyll,Bloom_Integrated_Chlorophyll_Above_Threshold,Maximum_chlorophyll,Percent_Annual_Integrated_Chlorophyll,Percent_Bloom_Period_Annual_Integrated_Chlorophyll,Percent_Bio_Year_Integrated_Chlorophyll,Percent_Bio_Year_Bloom_Only_Chlorophyll
1,1997,1997,Fall,1997-11-08,1997-11-27,1997-12-07,312,341,331,29,1,1997-11-13,1997-12-03,317,337,20,5,4,41.81922,34.062447,1.6146424,0.0,0.56042933,0.0,0.33400214
2,1998,1997,Winter,1997-12-09,1998-01-10,1998-01-31,343,31,10,52,1,1997-12-26,1998-01-26,360,26,31,16,5,80.81411,51.176765,2.0548208,0.18858224153518677,0.43131253,0.17097195982933044,0.27384833
3,1999,1998,Fall,1998-10-07,1999-01-03,1999-01-03,280,3,3,83,4,1998-10-18,1999-01-03,291,3,72,11,0,143.08788,128.29935,2.3419256,0.30567842721939087,0.49851945,0.3119761347770691,0.5319646
4,1999,1998,Spring,1999-02-03,1999-04-02,1999-05-06,34,126,92,92,3,1999-02-08,1999-04-27,39,117,78,5,9,148.75336,126.85698,2.015893,0.31778156757354736,0.51825804,0.32432863116264343,0.55302745
5,1999,1999,Fall,1999-09-29,1999-11-01,1999-12-19,272,353,305,79,2,1999-10-21,1999-12-13,294,347,51,22,6,117.71109,68.95411,1.822266,0.2514660358428955,0.4101065,0.2566468417644501,0.4376201
6,2000,1999,Winter,1999-12-21,2000-01-20,2000-02-19,355,50,20,59,1,2000-01-09,2000-01-31,9,31,22,18,19,86.53985,39.06653,1.8813372,0.17079293727874756,0.309099,0.1644798368215561,0.2538498
7,2000,1999,Spring,2000-03-11,2000-04-10,2000-04-21,71,112,101,41,1,2000-03-29,2000-04-16,89,107,18,18,5,61.319252,31.596806,2.0855327,0.121018186211586,0.21901724,0.1165449321269989,0.1798695
8,2000,2000,Fall,2000-10-01,2000-10-11,2000-11-10,275,315,285,40,1,2000-10-09,2000-11-03,283,308,25,8,7,55.28882,30.202091,1.5333188,0.10911666601896286,0.19747801,0.10508333891630173,0.16218026
9,2001,2000,Fall,2000-11-11,2001-01-11,2001-04-29,316,119,11,168,6,2000-11-19,2001-04-21,324,111,153,7,8,283.25507,246.08147,2.1964269,0.5994967222213745,1.0112041,0.6026808619499207,0.93718356
10,2002,2001,Fall,2001-11-03,2002-04-06,2002-05-09,307,129,96,186,7,2001-11-17,2002-05-02,321,122,165,14,7,287.19037,198.58804,1.912553,0.5670869946479797,0.7688782,0.5782695412635803,0.8566176
11,2002,2002,Summer,2002-06-18,2002-07-03,2002-07-27,169,208,184,39,1,2002-06-29,2002-07-19,180,200,20,11,8,52.782894,33.68217,1.6224482,0.1042252629995346,0.1413126,0.10628051310777664,0.15743828
12,2002,2002,Fall,2002-09-28,2002-11-07,2002-12-14,271,348,311,77,1,2002-10-20,2002-12-03,293,337,44,22,11,111.92613,64.74335,1.7929214,0.22100967168807983,0.29965338,0.22536784410476685,0.33384788
13,2003,2002,Winter,2002-12-26,2003-01-16,2003-02-16,360,47,16,52,1,2003-01-10,2003-02-04,10,35,25,15,12,80.220505,54.51925,2.1772065,0.16688133776187897,0.24827836,0.1641538143157959,0.22146606
14,2003,2002,Spring,2003-03-05,2003-03-24,2003-04-10,64,100,83,36,1,2003-03-11,2003-04-05,70,95,25,6,5,61.558994,51.70788,2.3008802,0.12806011736392975,0.19052194,0.1259670853614807,0.16994692
15,2003,2002,Spring,2003-04-12,2003-04-28,2003-05-09,102,129,118,27,1,2003-04-19,2003-05-04,109,124,15,7,5,38.51478,25.752518,1.8265562,0.08012163639068604,0.119201265,0.0788121148943901,0.106328376
16,2004,2003,Fall,2003-09-22,2004-01-06,2004-02-24,265,55,6,155,3,2003-10-19,2004-02-06,292,37,110,27,18,237.66223,178.0336,2.170177,0.50709468126297,0.7181337,0.5480377674102783,0.954111
17,2004,2003,Spring,2004-02-26,2004-04-05,2004-05-12,57,133,96,76,1,2004-03-05,2004-04-29,65,120,55,8,13,122.65503,98.67806,2.0811923,0.2617063522338867,0.37062138,0.2828366160392761,0.49240685
18,2004,2004,Fall,2004-09-24,2004-11-09,2004-12-14,268,349,314,81,1,2004-10-15,2004-11-26,289,331,42,21,18,116.70944,66.61902,1.9063379,0.24902038276195526,0.3526559,0.26912638545036316,0.46853787
19,2005,2004,Winter,2005-01-06,2005-01-17,2005-01-29,6,29,17,23,1,2005-01-12,2005-01-25,12,25,13,6,4,33.561504,24.520998,1.9425361,0.07150387018918991,0.11115098,0.06738158315420151,0.096987784
20,2005,2004,Spring,2005-02-19,2005-03-03,2005-04-29,50,119,62,69,1,2005-02-25,2005-04-05,56,95,39,6,24,95.39239,60.50289,1.6950989,0.20323656499385834,0.31592616,0.19151972234249115,0.27566987
21,2005,2005,Fall,2005-10-03,2005-12-01,2006-04-15,276,105,335,194,6,2005-10-13,2006-04-03,286,93,172,10,12,345.05185,316.69867,2.6911778,0.7351440787315369,1.1427631,0.6927621364593506,0.99714875
22,2007,2006,Fall,2006-09-27,2007-01-14,2007-02-22,270,53,14,148,6,2006-10-19,2007-02-17,292,48,121,22,5,234.50357,186.74023,1.9962,0.4671013355255127,0.65729034,0.4780793786048889,0.67548436
23,2007,2006,Spring,2007-02-24,2007-03-27,2007-05-10,55,130,86,75,2,2007-03-02,2007-05-03,61,123,62,6,7,121.10623,107.41899,1.9390363,0.24122823774814606,0.3394488,0.24689769744873047,0.34884486
24,2007,2007,Fall,2007-09-20,2007-11-30,2007-12-27,263,361,334,98,3,2007-10-16,2007-12-22,289,356,67,26,5,143.98305,102.967125,1.9278541,0.2867959439754486,0.40357026,0.29353636503219604,0.41474122
25,2008,2007,Winter,2007-12-29,2008-01-13,2008-02-23,363,54,13,56,1,2008-01-06,2008-02-17,6,48,42,8,6,82.34918,52.49196,1.6584394,0.17034515738487244,0.25034183,0.17350149154663086,0.26227507
26,2008,2007,Spring,2008-02-25,2008-04-11,2008-05-04,56,125,102,69,2,2008-03-01,2008-04-25,61,116,55,5,9,117.38253,99.5861,2.0939183,0.24281413853168488,0.35684338,0.2473132461309433,0.37385327
27,2008,2008,Fall,2008-10-11,2008-11-21,2009-01-18,285,18,326,99,2,2008-10-25,2009-01-14,299,14,81,14,4,159.77042,136.79749,2.0447993,0.33049649000167847,0.48570272,0.3366202712059021,0.50885504
28,2009,2008,Spring,2009-02-03,2009-03-19,2009-05-08,34,128,78,94,2,2009-02-28,2009-04-29,59,119,60,25,9,152.15999,111.35923,2.197037,0.30801883339881897,0.48654795,0.3276381492614746,0.7037161
29,2009,2009,Fall,2009-10-17,2009-12-05,2010-02-26,290,57,339,132,4,2009-10-22,2010-02-19,295,50,120,5,7,215.00905,174.83101,2.1077979,0.43524473905563354,0.6875146,0.46296775341033936,0.99438316
30,2011,2010,Fall,2010-09-26,2011-01-18,2011-01-18,269,18,18,114,4,2010-10-05,2011-01-18,278,18,105,9,0,202.23866,195.53914,2.197325,0.3751473128795624,0.5068257,0.38153213262557983,0.48924586
31,2011,2010,Spring,2011-02-28,2011-03-27,2011-05-15,59,135,86,76,2,2011-03-05,2011-04-25,64,115,51,5,20,123.98991,94.381096,2.4068573,0.22999796271324158,0.31072828,0.2339124083518982,0.2999503
32,2011,2011,Summer,2011-07-28,2011-08-27,2011-09-12,209,255,239,46,1,2011-08-18,2011-09-08,230,251,21,21,4,66.235886,35.227325,2.1109254,0.12286580353975296,0.16599225,0.12495690584182739,0.1602346
33,2011,2011,Fall,2011-09-27,2011-11-12,2012-04-12,270,103,316,198,7,2011-10-11,2012-04-06,284,97,178,14,6,344.80084,321.1585,2.5007582,0.6395963430404663,0.86409754,0.6504819393157959,0.8341253
34,2012,2012,Fall,2012-10-02,2012-12-24,2013-05-17,276,137,359,226,6,2012-10-09,2013-05-04,283,124,206,7,13,374.17755,292.05548,2.7007973,0.7592650055885315,1.1250098,0.7403275370597839,0.9971618
35,2014,2013,Fall,2013-10-03,2014-03-20,2014-05-14,276,134,79,223,7,2013-10-22,2014-04-30,295,120,190,19,14,382.99683,338.38608,2.7638679,0.7530336380004883,0.99889755,0.781954824924469,1.0408599
36,2014,2014,Fall,2014-10-14,2014-11-14,2015-02-24,287,55,318,133,4,2014-10-19,2015-02-20,292,51,124,5,4,245.65985,221.47214,2.525752,0.48300695419311523,0.64070773,0.5015574097633362,0.667623
37,2015,2014,Spring,2015-02-24,2015-04-08,2015-05-15,55,135,98,80,1,2015-03-10,2015-04-27,69,117,48,14,18,120.3126,85.461624,2.0968761,0.24072584509849548,0.32378662,0.24050380289554596,0.45933563
38,2015,2015,Fall,2015-09-30,2015-12-22,2016-03-04,273,64,356,154,4,2015-10-08,2016-02-28,281,59,141,8,5,260.6324,230.89088,2.4506338,0.5214828252792358,0.7014168,0.5210018157958984,0.99505574
39,2017,2016,Fall,2016-09-21,2017-01-23,2017-02-16,265,47,23,143,5,2016-10-24,2017-02-13,298,44,108,32,3,219.80692,149.08176,2.0093703,0.43339961767196655,0.67499775,0.41092649102211,0.5352637
40,2017,2016,Spring,2017-02-18,2017-03-12,2017-03-29,49,88,71,31,1,2017-02-27,2017-03-21,58,80,16,9,6,55.976807,40.919197,1.9025524,0.11037107557058334,0.17189732,0.10464799404144287,0.13631216
41,2017,2017,Fall,2017-09-11,2017-12-03,2018-05-09,254,129,337,235,6,2017-10-10,2018-04-23,283,113,190,29,16,409.75577,356.08923,2.365994,0.8079271912574768,1.2583053,0.7660336494445801,0.99781847
42,2018,2018,Fall,2018-10-05,2018-11-11,2019-03-24,278,83,315,168,2,2018-10-12,2019-03-14,285,73,151,7,10,305.29135,273.9174,2.796473,0.5859731435775757,0.78707105,0.6166224479675293,0.9959864
43,2019,2019,Fall,2019-09-27,2019-11-10,2020-03-28,270,88,314,183,5,2019-10-15,2020-03-23,288,83,160,18,5,301.77063,250.87231,2.2861435,0.6193376779556274,1.0261116,0.6064237952232361,0.76078606
44,2020,2019,Spring,2020-03-30,2020-04-14,2020-06-16,90,168,105,78,1,2020-04-04,2020-04-23,95,114,19,5,54,93.09809,33.464317,1.7883315,0.1977854073047638,0.27033508,0.2009011059999466,0.32563516
45,2021,2020,Fall,2020-10-27,2021-01-27,2021-04-15,301,105,27,170,5,2020-11-02,2021-04-08,307,98,157,6,7,284.81677,258.4033,2.3394039,0.6031014919281006,0.8211372,0.5918845534324646,0.8224916
46,2021,2021,Fall,2021-09-19,2021-11-13,2022-01-04,262,4,317,107,1,2021-10-19,2021-12-25,292,359,67,30,10,179.73749,141.8887,2.621774,0.3805953860282898,0.5181897,0.3735167682170868,0.51904446
47,2022,2021,Winter,2022-01-04,2022-01-16,2022-02-26,4,57,16,53,1,2022-01-10,2022-02-22,10,53,43,6,4,81.15112,52.88553,1.958056,0.16863210499286652,0.24936435,0.16273827850818634,0.20547709
48,2022,2021,Spring,2022-02-28,2022-03-31,2022-04-25,59,115,90,56,1,2022-03-05,2022-04-08,64,98,34,5,17,81.492134,53.748665,1.6218787,0.16934072971343994,0.25041223,0.1634221225976944,0.20634054
49,2023,2022,Fall,2022-09-28,2023-01-12,2023-03-03,271,62,12,155,4,2022-10-28,2023-02-04,301,35,98,30,27,253.66544,179.88412,2.174949,0.4690537452697754,0.5934637,0.4644017815589905,0.8542799
50,2023,2022,Spring,2023-03-18,2023-04-08,2023-05-04,77,124,98,47,1,2023-03-29,2023-04-18,88,108,20,11,16,69.11629,38.7668,1.9253722,0.12780319154262543,0.1617012,0.12653566896915436,0.23276585
51,2023,2022,Summer,2023-05-06,2023-06-08,2023-06-25,126,176,159,50,1,2023-05-20,2023-06-18,140,169,29,14,7,68.81038,33.58799,1.5917286,0.12723754346370697,0.16098551,0.1259756237268448,0.23173563
52,2023,2023,Fall,2023-09-21,2023-12-18,2024-02-11,264,42,352,142,5,2023-10-14,2024-02-11,287,42,120,22,0,272.63086,241.1804,2.599728,0.504122793674469,0.6378343,0.4991230070590973,0.91815054
53,2024,2023,Summer,2024-06-12,2024-06-27,2024-07-24,164,206,179,42,1,2024-06-25,2024-07-08,177,190,13,13,16,53.08835,21.179619,1.5457107,0.10429453104734421,0.18872474,0.11828313022851944,0.20109469
54,2024,2024,Fall,2024-10-02,2024-12-31,2025-02-21,276,52,366,142,4,2024-10-24,2025-02-16,298,47,115,22,5,232.55585,197.63705,2.0749788,0.4568668007850647,0.826717,0.5181444883346558,0.88090414
55,2025,2025,Fall,2025-09-27,2025-12-19,2025-12-19,270,353,353,83,3,2025-10-19,2025-12-19,292,353,61,22,0,122.14549,100.14972,1.7901841,0.29270127415657043,0.5861928,0.5743934512138367,0.9851996
